Model,MAE,RMSE,R2
LinearRegression,4685.302142569988,6497.086888099786,0.5829404789988293
GradientBoosting,5175.618662708099,8139.439142053444,0.34543971511644633
RandomForest,5780.242882731302,8224.573078968264,0.3316754444890492
